[
    {
        "g_a": [
            192,
            192,
            192,
            320
        ],
        "h_a": [
            320,
            256,
            192
        ],
        "g_s": [
            192,
            192,
            192,
            3
        ],
        "h_mean_s": [
            192,
            256,
            320
        ],
        "h_scale_s": [
            192,
            256,
            320
        ],
        "complexity": 100.0
    },
    {
        "g_a": [
            192,
            192,
            192,
            320
        ],
        "h_a": [
            320,
            256,
            192
        ],
        "g_s": [
            84,
            120,
            192,
            3
        ],
        "h_mean_s": [
            192,
            256,
            320
        ],
        "h_scale_s": [
            192,
            256,
            320
        ],
        "complexity": 74.0572
    },
    {
        "g_a": [
            192,
            192,
            192,
            320
        ],
        "h_a": [
            320,
            256,
            192
        ],
        "g_s": [
            66,
            66,
            138,
            3
        ],
        "h_mean_s": [
            192,
            256,
            320
        ],
        "h_scale_s": [
            192,
            256,
            320
        ],
        "complexity": 35.8198
    },
    {
        "g_a": [
            192,
            192,
            192,
            320
        ],
        "h_a": [
            320,
            256,
            192
        ],
        "g_s": [
            66,
            48,
            48,
            3
        ],
        "h_mean_s": [
            192,
            256,
            320
        ],
        "h_scale_s": [
            192,
            256,
            320
        ],
        "complexity": 7.6561
    }
]