[
    {
        "g_a": [
            192,
            192,
            192,
            320
        ],
        "h_a": [
            320,
            256,
            192
        ],
        "g_s": [
            192,
            192,
            192,
            3
        ],
        "h_mean_s": [
            192,
            256,
            320
        ],
        "h_scale_s": [
            192,
            256,
            320
        ],
        "complexity": 100.0
    },
    {
        "g_a": [
            192,
            192,
            192,
            320
        ],
        "h_a": [
            320,
            256,
            192
        ],
        "g_s": [
            66,
            120,
            174,
            3
        ],
        "h_mean_s": [
            192,
            256,
            320
        ],
        "h_scale_s": [
            192,
            256,
            320
        ],
        "complexity": 62.9758
    },
    {
        "g_a": [
            192,
            192,
            192,
            320
        ],
        "h_a": [
            320,
            256,
            192
        ],
        "g_s": [
            66,
            48,
            156,
            3
        ],
        "h_mean_s": [
            192,
            256,
            320
        ],
        "h_scale_s": [
            192,
            256,
            320
        ],
        "complexity": 40.7735
    },
    {
    "g_a": [
        192,
        192,
        192,
        320
    ],
    "h_a": [
        320,
        256,
        192
    ],
    "g_s": [
        48,
        48,
        48,
        3
    ],
    "h_mean_s": [
        192,
        256,
        320
    ],
    "h_scale_s": [
        192,
        256,
        320
    ],
    "complexity": 7.076901874310915
    }
]